{"buildnum":1,"playerloc":{"x":47.402061462402347,"y":14.396234512329102,"z":76.3671875},"checkpoint":{"x":28.440000534057618,"y":21.239999771118165,"z":0.0}}