{"buildnum":1,"playerloc":{"x":109.20177459716797,"y":8.28743839263916,"z":0.0},"checkpoint":{"x":129.39999389648438,"y":13.600000381469727,"z":0.0}}