{"buildnum":1,"playerloc":{"x":-72.77552032470703,"y":0.07409869134426117,"z":0.0},"checkpoint":{"x":-73.19999694824219,"y":1.5842161178588868,"z":0.0}}