{"buildnum":1,"playerloc":{"x":67.07486724853516,"y":-10.503511428833008,"z":0.0}}